{"products":[{"id":"0.8574556","qty":1}],"totalPrice":19.999999999999993}